{"cameraMode":{"drawMode":0,"name":"Shaded","section":"Shading Mode"},"sceneLighting":true,"audioPlay":false,"sceneViewState":{"showFog":false,"showMaterialUpdate":false,"showSkybox":true,"showFlares":true,"showImageEffects":true,"showParticleSystems":true},"in2DMode":false,"pivot":{"x":-304.41009521484377,"y":-106.82444763183594,"z":-5.093780517578125},"rotation":{"x":-0.14363455772399903,"y":0.6597316265106201,"z":-0.1305101215839386,"w":-0.7260197401046753},"size":513.2498168945313,"orthographic":false}