{"cameraMode":{"drawMode":0,"name":"Shaded","section":"Shading Mode"},"sceneLighting":false,"audioPlay":false,"sceneViewState":{"showFog":false,"showMaterialUpdate":false,"showSkybox":false,"showFlares":true,"showImageEffects":true,"showParticleSystems":true},"in2DMode":false,"pivot":{"x":1.2025904655456544,"y":0.24447870254516602,"z":0.9193241596221924},"rotation":{"x":-0.055180806666612628,"y":0.9442419409751892,"z":-0.24594737589359284,"w":-0.21184289455413819},"size":2.1555726528167726,"orthographic":false}