{"cameraMode":{"drawMode":0,"name":"Shaded","section":"Shading Mode"},"sceneLighting":false,"audioPlay":false,"sceneViewState":{"showFog":false,"showMaterialUpdate":false,"showSkybox":false,"showFlares":true,"showImageEffects":true,"showParticleSystems":true},"in2DMode":false,"pivot":{"x":-101.40423583984375,"y":-1.1836199760437012,"z":-239.28024291992188},"rotation":{"x":0.041780129075050357,"y":0.9085535407066345,"z":-0.09373918920755387,"w":0.4049743115901947},"size":207.8959197998047,"orthographic":false}